produto_final;produto_pai_slug;opcao;codigo;produto_atual;produto_atual_slug;acao
Amaciante Zavaski 5L;amaciante-zavaski-coco-5-l;Coco;6669;Amaciante Zavaski Coco 5 L;amaciante-zavaski-coco-5-l;manter como produto pai e adicionar como opção
Amaciante Zavaski 5L;amaciante-zavaski-coco-5-l;Lavanda;6670;Amaciante Zavaski Lavanda 5 L;amaciante-zavaski-lavanda-5-l;virar opção e remover produto separado
Aromatizante ASA 140ml;aromatizante-asa-140ml-floral-matricaria;Floral Matricaria;4324;Aromatizante ASA 140ML Floral Matricaria;aromatizante-asa-140ml-floral-matricaria;manter como produto pai e adicionar como opção
Aromatizante ASA 140ml;aromatizante-asa-140ml-floral-matricaria;Laranja c Canela;4348;Aromatizante ASA 140ML Laranja C/ Canela;aromatizante-asa-140ml-laranja-c-canela;virar opção e remover produto separado
Aromatizante Cheirudo 140ml;aromatizante-cheirudo-140ml-bamboo;Bamboo;8862;Aromatizante Cheirudo 140ML Bamboo;aromatizante-cheirudo-140ml-bamboo;manter como produto pai e adicionar como opção
Aromatizante Cheirudo 140ml;aromatizante-cheirudo-140ml-bamboo;Lavanda;4279;Aromatizante Cheirudo 140ML Lavanda;aromatizante-cheirudo-140ml-lavanda;virar opção e remover produto separado
Aromatizante Cheirudo 140ml;aromatizante-cheirudo-140ml-bamboo;Talco;4325;Aromatizante Cheirudo 140ML Talco;aromatizante-cheirudo-140ml-talco;virar opção e remover produto separado
Aromatizante Coala 120ml;aromatizante-coala-120ml-algas-marinhas;Algas Marinhas;7756;Aromatizante Coala 120ML Algas Marinhas;aromatizante-coala-120ml-algas-marinhas;manter como produto pai e adicionar como opção
Aromatizante Coala 120ml;aromatizante-coala-120ml-algas-marinhas;Algodão;7840;Aromatizante Coala 120ML Algodao;aromatizante-coala-120ml-algodao;virar opção e remover produto separado
Aromatizante Coala 120ml;aromatizante-coala-120ml-algas-marinhas;Bambu;7757;Aromatizante Coala 120ML Bambu;aromatizante-coala-120ml-bambu;virar opção e remover produto separado
Aromatizante Coala 120ml;aromatizante-coala-120ml-algas-marinhas;Chá Branco;7758;Aromatizante Coala 120ML CHA Branco;aromatizante-coala-120ml-cha-branco;virar opção e remover produto separado
Aromatizante Coala 120ml;aromatizante-coala-120ml-algas-marinhas;Cravo e Canela;7850;Aromatizante Coala 120ML Cravo e Canela;aromatizante-coala-120ml-cravo-e-canela;virar opção e remover produto separado
Aromatizante Coala 120ml;aromatizante-coala-120ml-algas-marinhas;Eucalipto;7851;Aromatizante Coala 120ML Eucalipto;aromatizante-coala-120ml-eucalipto;virar opção e remover produto separado
Aromatizante Coala 120ml;aromatizante-coala-120ml-algas-marinhas;Lavanda;7802;Aromatizante Coala 120ML Lavanda;aromatizante-coala-120ml-lavanda;virar opção e remover produto separado
Aromatizante Coala 120ml;aromatizante-coala-120ml-algas-marinhas;Lima Limão;7759;Aromatizante Coala 120ML Lima Limao;aromatizante-coala-120ml-lima-limao;virar opção e remover produto separado
Aromatizante Coala 120ml;aromatizante-coala-120ml-algas-marinhas;Orquídea Negra;7760;Aromatizante Coala 120ML Orquidea Negra;aromatizante-coala-120ml-orquidea-negra;virar opção e remover produto separado
Aromatizante Coala 120ml;aromatizante-coala-120ml-algas-marinhas;Pinho;7803;Aromatizante Coala 120ML Pinho;aromatizante-coala-120ml-pinho;virar opção e remover produto separado
Aromatizante Coala 120ml;aromatizante-coala-120ml-algas-marinhas;Talco;7761;Aromatizante Coala 120ML Talco;aromatizante-coala-120ml-talco;virar opção e remover produto separado
Bloco Sanitário para Caixa Acoplada Higie Plus;bloco-sanitario-p-caixa-acoplada-lavanda-higie-plus;Lavanda;9880;Bloco Sanitário P/ Caixa Acoplada Lavanda Higie Plus;bloco-sanitario-p-caixa-acoplada-lavanda-higie-plus;manter como produto pai e adicionar como opção
Bloco Sanitário para Caixa Acoplada Higie Plus;bloco-sanitario-p-caixa-acoplada-lavanda-higie-plus;Marine;9881;Bloco Sanitário P/ Caixa Acoplada Marine Higie Plus;bloco-sanitario-p-caixa-acoplada-marine-higie-plus;virar opção e remover produto separado
Bloqueador Sanitário Premisse;bloqueador-sanitario-canela-premisse;Canela;5546;Bloqueador Sanitário Canela Premisse;bloqueador-sanitario-canela-premisse;manter como produto pai e adicionar como opção
Bloqueador Sanitário Premisse;bloqueador-sanitario-canela-premisse;Capim Limão;7769;Bloqueador Sanitário Capim Limao Premisse;bloqueador-sanitario-capim-limao-premisse;virar opção e remover produto separado
Bloqueador Sanitário Premisse;bloqueador-sanitario-canela-premisse;Tutti Frutti;5547;Bloqueador Sanitário Tutti Frutti Premisse;bloqueador-sanitario-tutti-frutti-premisse;virar opção e remover produto separado
Cabo Alumínio com Rosca Sanches 1,40m;cabo-aluminio-c-rosca-sanches-1-40mt-estriado;Estriado;6682;Cabo Aluminio C/rosca Sanches 1,40MT Estriado;cabo-aluminio-c-rosca-sanches-1-40mt-estriado;manter como produto pai e adicionar como opção
Cabo Alumínio com Rosca Sanches 1,40m;cabo-aluminio-c-rosca-sanches-1-40mt-estriado;Liso;5484;Cabo Aluminio C/rosca Sanches 1,40MT Liso;cabo-aluminio-c-rosca-sanches-1-40mt-liso;virar opção e remover produto separado
Conjunto Mop Pó Sanches;conjunto-mop-po-40cm-sanches;40CM;6683;Conjunto MOP PÓ 40CM Sanches;conjunto-mop-po-40cm-sanches;manter como produto pai e adicionar como opção
Conjunto Mop Pó Sanches;conjunto-mop-po-40cm-sanches;60CM;5488;Conjunto MOP PÓ 60CM Sanches;conjunto-mop-po-60cm-sanches;virar opção e remover produto separado
Copo Descartável 180ml Transparente;copo-180ml-dudigo-promo-com-25tr-transparente;Dudigo Promo com 25TR;7831;Copo 180ML Dudigo Promo com 25TR Transparente;copo-180ml-dudigo-promo-com-25tr-transparente;manter como produto pai e adicionar como opção
Copo Descartável 180ml Transparente;copo-180ml-dudigo-promo-com-25tr-transparente;Dudigo TR c 100;66;Copo 180ML Dudigo TR C/100 Transparente;copo-180ml-dudigo-tr-c-100-transparente;virar opção e remover produto separado
Copo Descartável 180ml Transparente;copo-180ml-dudigo-promo-com-25tr-transparente;Gpack Glight com 25TR;9914;Copo 180ML Gpack Glight com 25TR Transparente;copo-180ml-gpack-glight-com-25tr-transparente;virar opção e remover produto separado
Copo Descartável 180ml Transparente;copo-180ml-dudigo-promo-com-25tr-transparente;Gpack com 25TR;9913;Copo 180ML Gpack com 25TR Transparente;copo-180ml-gpack-com-25tr-transparente;virar opção e remover produto separado
Copo Térmico BRV;copo-termico-brv-120ml-tira-c-25;120ML Tira c 25;85;Copo Termico BRV 120ML Tira C/25;copo-termico-brv-120ml-tira-c-25;manter como produto pai e adicionar como opção
Copo Térmico BRV;copo-termico-brv-120ml-tira-c-25;180ML Tira c 25;86;Copo Termico BRV 180ML Tira C/25;copo-termico-brv-180ml-tira-c-25;virar opção e remover produto separado
Desinfetante Spry Concentrado 1/20;desinfetante-spry-concentrado-kaiaque-1-20;Kaiaque;6644;Desinfetante Spry Concentrado Kaiaque 1/20;desinfetante-spry-concentrado-kaiaque-1-20;manter como produto pai e adicionar como opção
Desinfetante Spry Concentrado 1/20;desinfetante-spry-concentrado-kaiaque-1-20;Lavanda;6657;Desinfetante Spry Concentrado Lavanda 1/20;desinfetante-spry-concentrado-lavanda-1-20;virar opção e remover produto separado
Desinfetante Spry Concentrado 1/20;desinfetante-spry-concentrado-kaiaque-1-20;Marine;7748;Desinfetante Spry Concentrado Marine 1/20;desinfetante-spry-concentrado-marine-1-20;virar opção e remover produto separado
Desinfetante Spry Concentrado 1/20;desinfetante-spry-concentrado-kaiaque-1-20;Talco;6661;Desinfetante Spry Concentrado Talco 1/20;desinfetante-spry-concentrado-talco-1-20;virar opção e remover produto separado
Detergente Clorado Zavaski;detergente-clorado-zavaski-1l;1L;5541;Detergente Clorado Zavaski 1L;detergente-clorado-zavaski-1l;manter como produto pai e adicionar como opção
Detergente Clorado Zavaski;detergente-clorado-zavaski-1l;5L;6671;Detergente Clorado Zavaski 5L;detergente-clorado-zavaski-5l;virar opção e remover produto separado
Fixar Aromatizantes 1L Spray;fixar-aromatizantes-1l-spray-black;Black;7854;Fixar Aromatizantes 1L Spray Black;fixar-aromatizantes-1l-spray-black;manter como produto pai e adicionar como opção
Fixar Aromatizantes 1L Spray;fixar-aromatizantes-1l-spray-black;Vanilla;7857;Fixar Aromatizantes 1L Spray Vanilla;fixar-aromatizantes-1l-spray-vanilla;virar opção e remover produto separado
Gel Adesivo Sanitário Sany Aplicador + Refil;gel-adesivo-sanitario-sany-aplic-refil-lavanda-brv;Lavanda;1798;GEL Adesivo Sanitário Sany Aplic+refil Lavanda BRV;gel-adesivo-sanitario-sany-aplic-refil-lavanda-brv;manter como produto pai e adicionar como opção
Gel Adesivo Sanitário Sany Aplicador + Refil;gel-adesivo-sanitario-sany-aplic-refil-lavanda-brv;Marine;1799;GEL Adesivo Sanitário Sany Aplic+refil Marine BRV;gel-adesivo-sanitario-sany-aplic-refil-marine-brv;virar opção e remover produto separado
Luva Longatex Ranhurada;luva-longatex-ranhurada-g;G;6614;Luva Longatex/ranhurada G;luva-longatex-ranhurada-g;manter como produto pai e adicionar como opção
Luva Longatex Ranhurada;luva-longatex-ranhurada-g;M;727;Luva Longatex/ranhurada M;luva-longatex-ranhurada-m;virar opção e remover produto separado
Luva Látex Procedimento Bompack C/100 com Pó;luva-latex-procedimento-bompack-g-c-100-c-po;G;5474;Luva Latex Procedimento Bompack G C/100 C/pó;luva-latex-procedimento-bompack-g-c-100-c-po;manter como produto pai e adicionar como opção
Luva Látex Procedimento Bompack C/100 com Pó;luva-latex-procedimento-bompack-g-c-100-c-po;M;5475;Luva Latex Procedimento Bompack M C/100 C/pó;luva-latex-procedimento-bompack-m-c-100-c-po;virar opção e remover produto separado
Luva Látex Procedimento Bompack C/100 com Pó;luva-latex-procedimento-bompack-g-c-100-c-po;P;5476;Luva Latex Procedimento Bompack P C/100 C/pó;luva-latex-procedimento-bompack-p-c-100-c-po;virar opção e remover produto separado
Luva Látex Procedimento Bompack C/100 com Pó;luva-latex-procedimento-bompack-g-c-100-c-po;PP;6658;Luva Latex Procedimento Bompack PP C/100 C/pó;luva-latex-procedimento-bompack-pp-c-100-c-po;virar opção e remover produto separado
Luva Nitrílica Preta Bompack C/100;luva-nitrilica-preta-g-c-100-bompack;G;4412;Luva Nitrilica Preta G C/100 Bompack;luva-nitrilica-preta-g-c-100-bompack;manter como produto pai e adicionar como opção
Luva Nitrílica Preta Bompack C/100;luva-nitrilica-preta-g-c-100-bompack;GG;5577;Luva Nitrilica Preta G G C/100 Bompack;luva-nitrilica-preta-g-g-c-100-bompack;virar opção e remover produto separado
Luva Nitrílica Preta Bompack C/100;luva-nitrilica-preta-g-c-100-bompack;M;4411;Luva Nitrilica Preta M C/100 Bompack;luva-nitrilica-preta-m-c-100-bompack;virar opção e remover produto separado
Luva Nitrílica Preta Bompack C/100;luva-nitrilica-preta-g-c-100-bompack;P;4410;Luva Nitrilica Preta P C/100 Bompack;luva-nitrilica-preta-p-c-100-bompack;virar opção e remover produto separado
Luva Verniz Bompack Azul;luva-verniz-bompack-g-azul;G;739;Luva Verniz Bompack G Azul;luva-verniz-bompack-g-azul;manter como produto pai e adicionar como opção
Luva Verniz Bompack Azul;luva-verniz-bompack-g-azul;M;736;Luva Verniz Bompack M Azul;luva-verniz-bompack-m-azul;virar opção e remover produto separado
Luva Verniz Bompack Azul;luva-verniz-bompack-g-azul;P;742;Luva Verniz Bompack P Azul;luva-verniz-bompack-p-azul;virar opção e remover produto separado
Pano Multiuso;pano-multiuso-c-5un-vermelho-30x50cm;c 5UN Vermelho 30X50CM;4370;Pano Multiuso C/ 5UN Vermelho 30X50CM;pano-multiuso-c-5un-vermelho-30x50cm;manter como produto pai e adicionar como opção
Pano Multiuso;pano-multiuso-c-5un-vermelho-30x50cm;Rolo 30X30M Azul Rende 50 Panos;647;Pano Multiuso Rolo 30X30M Azul - Rende 50 Panos;pano-multiuso-rolo-30x30m-azul-rende-50-panos;virar opção e remover produto separado
Pano Multiuso;pano-multiuso-c-5un-vermelho-30x50cm;Rolo 30X30M Verde Rende 50 Panos;649;Pano Multiuso Rolo 30X30M Verde - Rende 50 Panos;pano-multiuso-rolo-30x30m-verde-rende-50-panos;virar opção e remover produto separado
Pano Multiuso;pano-multiuso-c-5un-vermelho-30x50cm;Rolo Bompack Azul Rende 600PANOS;650;Pano Multiuso Rolo Bompack Azul - Rende 600PANOS;pano-multiuso-rolo-bompack-azul-rende-600panos;virar opção e remover produto separado
Pano Novo Microfibra;pano-novo-microfibra-50x70-azul;50X70 Azul;638;Pano Novo Microfibra 50X70 Azul;pano-novo-microfibra-50x70-azul;manter como produto pai e adicionar como opção
Pano Novo Microfibra;pano-novo-microfibra-50x70-azul;50X70 Verde;6602;Pano Novo Microfibra 50X70 Verde;pano-novo-microfibra-50x70-verde;virar opção e remover produto separado
Pano Novo Microfibra;pano-novo-microfibra-50x70-azul;Azul PEQ 39X39CM;640;Pano Novo Microfibra Azul Peq. 39X39CM;pano-novo-microfibra-azul-peq-39x39cm;virar opção e remover produto separado
Pano Novo Microfibra;pano-novo-microfibra-50x70-azul;Grande 39X59CM Azul;639;Pano Novo Microfibra Grande 39X59CM Azul;pano-novo-microfibra-grande-39x59cm-azul;virar opção e remover produto separado
Pano Novo Microfibra;pano-novo-microfibra-50x70-azul;Verde PEQ 39X39CM;9888;Pano Novo Microfibra Verde Peq. 39X39CM;pano-novo-microfibra-verde-peq-39x39cm;virar opção e remover produto separado
Pano de Chão;pano-de-chao-alv-40x70;ALV 40X70;629;Pano de Chao Alv. 40X70;pano-de-chao-alv-40x70;manter como produto pai e adicionar como opção
Pano de Chão;pano-de-chao-alv-40x70;Saco Economico 35X60 Liso;634;Pano de Chao Saco Economico 35X60 Liso;pano-de-chao-saco-economico-35x60-liso;virar opção e remover produto separado
Pano de Chão;pano-de-chao-alv-40x70;Xadrez Extra 40X70;4393;Pano de Chao Xadrez Extra 40X70;pano-de-chao-xadrez-extra-40x70;virar opção e remover produto separado
Papel Higiênico Fofinho;papel-hig-fofinho-folha-simples-30mt-pct-c4rl;Folha Simples 30MT PCT C4RL;3243;Papel HIG Fofinho Folha Simples 30MT PCT C4RL;papel-hig-fofinho-folha-simples-30mt-pct-c4rl;manter como produto pai e adicionar como opção
Papel Higiênico Fofinho;papel-hig-fofinho-folha-simples-30mt-pct-c4rl;30M F Dupla PC c 04ROLOS;42;Papel Hig. 30M F.dupla Fofinho PC C/04ROLOS;papel-hig-30m-f-dupla-fofinho-pc-c-04rolos;virar opção e remover produto separado
Papel Higiênico Fofinho;papel-hig-fofinho-folha-simples-30mt-pct-c4rl;F Dupla PC c 12 Rolos;47;Papel Hig. 30M Fofinho F.dupla PC C/12 Rolos;papel-hig-30m-fofinho-f-dupla-pc-c-12-rolos;virar opção e remover produto separado
Papel Higiênico Fofinho;papel-hig-fofinho-folha-simples-30mt-pct-c4rl;60M F Simples PC c 04 Rolos;53;Papel Hig. 60M F.simples Fofinho PC C/04 Rolos;papel-hig-60m-f-simples-fofinho-pc-c-04-rolos;virar opção e remover produto separado
Papel Higiênico Rolão;papel-hig-rolao-branco-bv-c-8;Branco BV c 8;4331;Papel Hig. Rolao Branco BV C/8;papel-hig-rolao-branco-bv-c-8;manter como produto pai e adicionar como opção
Papel Higiênico Rolão;papel-hig-rolao-branco-bv-c-8;Extra Luxo BV FD c 8 Rolos 300MT;4292;Papel Hig. Rolao Extra Luxo BV FD C/ 8 Rolos 300MT;papel-hig-rolao-extra-luxo-bv-fd-c-8-rolos-300mt;virar opção e remover produto separado
Papel Higiênico Rolão;papel-hig-rolao-branco-bv-c-8;Folha Dupla Ipel 200MT 8 Rolos;7736;Papel Hig. Rolao Folha Dupla Ipel 200MT 8 Rolos;papel-hig-rolao-folha-dupla-ipel-200mt-8-rolos;virar opção e remover produto separado
Papel Higiênico Rolão;papel-hig-rolao-branco-bv-c-8;Plus BV c 8;4358;Papel Hig. Rolao Plus BV C/8;papel-hig-rolao-plus-bv-c-8;virar opção e remover produto separado
Refil Mop Pó Sanches;refil-mop-po-40-sanches;40;5516;Refil MOP PÓ 40 Sanches;refil-mop-po-40-sanches;manter como produto pai e adicionar como opção
Refil Mop Pó Sanches;refil-mop-po-40-sanches;60;5509;Refil MOP PÓ 60 Sanches;refil-mop-po-60-sanches;virar opção e remover produto separado
Refil Mop Pó Sanches;refil-mop-po-40-sanches;80;1850;Refil MOP PÓ 80 Sanches;refil-mop-po-80-sanches;virar opção e remover produto separado
Refil Sabonete Líquido Proteínas do Leite Spray Trilha;refil-sabonete-liq-proteinas-do-leite-spray-400ml-trilha;400ML;4433;Refil Sabonete LIQ Proteinas do Leite Spray 400ML Trilha;refil-sabonete-liq-proteinas-do-leite-spray-400ml-trilha;manter como produto pai e adicionar como opção
Refil Sabonete Líquido Proteínas do Leite Spray Trilha;refil-sabonete-liq-proteinas-do-leite-spray-400ml-trilha;800ML;4342;Refil Sabonete LIQ Proteinas do Leite Spray 800ML Trilha;refil-sabonete-liq-proteinas-do-leite-spray-800ml-trilha;virar opção e remover produto separado
Refil Álcool 70% Spray Trilha;refil-alcool-70-spray-400ml-trilha;400ML;4429;Refil Alcool 70% Spray 400ML Trilha;refil-alcool-70-spray-400ml-trilha;manter como produto pai e adicionar como opção
Refil Álcool 70% Spray Trilha;refil-alcool-70-spray-400ml-trilha;800ML;4428;Refil Alcool 70% Spray 800ML Trilha;refil-alcool-70-spray-800ml-trilha;virar opção e remover produto separado
Rodo Alumínio Reforçado Sanches com Cabo;rodo-aluminio-reforcado-sanches-40cm-c-cabo-aluminio-de-1-50-mt-rosca;40CM;1718;Rodo Aluminio Reforçado Sanches 40CM C/cabo Aluminio de 1,50 MT Rosca -;rodo-aluminio-reforcado-sanches-40cm-c-cabo-aluminio-de-1-50-mt-rosca;manter como produto pai e adicionar como opção
Rodo Alumínio Reforçado Sanches com Cabo;rodo-aluminio-reforcado-sanches-40cm-c-cabo-aluminio-de-1-50-mt-rosca;60CM;1719;Rodo Aluminio Reforçado Sanches 60CM C/cabo Aluminio 1,50 MT Rosca;rodo-aluminio-reforcado-sanches-60cm-c-cabo-aluminio-1-50-mt-rosca;virar opção e remover produto separado
Rodo Plástico Sanches;rodo-plastico-40cm-sanches;40CM;1737;Rodo Plastico 40CM Sanches;rodo-plastico-40cm-sanches;manter como produto pai e adicionar como opção
Rodo Plástico Sanches;rodo-plastico-40cm-sanches;60CM;1738;Rodo Plastico 60CM Sanches;rodo-plastico-60cm-sanches;virar opção e remover produto separado
Sabonete Líquido Coala 500ml Pump;sabonete-liquido-ameixa-dourada-coala-500ml-pump;Ameixa Dourada;9895;Sabonete Liquido Ameixa Dourada Coala 500ML Pump;sabonete-liquido-ameixa-dourada-coala-500ml-pump;manter como produto pai e adicionar como opção
Sabonete Líquido Coala 500ml Pump;sabonete-liquido-ameixa-dourada-coala-500ml-pump;Flor de Figo;9886;Sabonete Liquido Flor de Figo Coala 500ML Pump;sabonete-liquido-flor-de-figo-coala-500ml-pump;virar opção e remover produto separado
Sabonete Líquido Coala 500ml Pump;sabonete-liquido-ameixa-dourada-coala-500ml-pump;Orquídea Negra;7838;Sabonete Liquido Orquidea Negra Coala 500ML Pump;sabonete-liquido-orquidea-negra-coala-500ml-pump;virar opção e remover produto separado
Sabonete Líquido Premisse 5L;sabonete-liq-premisse-algas-marinhas-5l;Algas Marinhas;6664;Sabonete LIQ Premisse Algas Marinhas 5L;sabonete-liq-premisse-algas-marinhas-5l;manter como produto pai e adicionar como opção
Sabonete Líquido Premisse 5L;sabonete-liq-premisse-algas-marinhas-5l;Morango e Champagne;7810;Sabonete LIQ Premisse Morango e Champagne 5L;sabonete-liq-premisse-morango-e-champagne-5l;virar opção e remover produto separado
Sabonete Líquido Sebold 5L;sabonete-liq-sebold-cha-branco-5l;Chá Branco;7765;Sabonete LIQ Sebold CHA Branco 5L;sabonete-liq-sebold-cha-branco-5l;manter como produto pai e adicionar como opção
Sabonete Líquido Sebold 5L;sabonete-liq-sebold-cha-branco-5l;Erva Doce;7703;Sabonete LIQ Sebold Erva Doce 5L;sabonete-liq-sebold-erva-doce-5l;virar opção e remover produto separado
Sabonete Líquido Sebold 5L;sabonete-liq-sebold-cha-branco-5l;Pessego;6701;Sabonete LIQ Sebold Pessego 5L;sabonete-liq-sebold-pessego-5l;virar opção e remover produto separado
Saboneteira Trilha Crem com Reservatório;saboneteira-trilha-crem-c-reserv-branco;Branco;4427;Saboneteira Trilha Crem C Reserv Branco;saboneteira-trilha-crem-c-reserv-branco;manter como produto pai e adicionar como opção
Saboneteira Trilha Crem com Reservatório;saboneteira-trilha-crem-c-reserv-branco;Preto;4318;Saboneteira Trilha Crem C Reserv Preto;saboneteira-trilha-crem-c-reserv-preto;virar opção e remover produto separado
Sacos de Lixo;sacos-de-lixo-de-todas-micras-tamanhos-e-cores;100L 0 20MC Preto PC c 50UN;91;Saco de Lixo 100L 0,20MC Preto PC C/50UN;saco-de-lixo-100l-0-20mc-preto-pc-c-50un;virar opção e remover produto separado
Sacos de Lixo;sacos-de-lixo-de-todas-micras-tamanhos-e-cores;100L 0 5 MC Preto 75X90CM c 100;92;Saco de Lixo 100L 0,5 MC Preto 75X90CM C/100;saco-de-lixo-100l-0-5-mc-preto-75x90cm-c-100;virar opção e remover produto separado
Sacos de Lixo;sacos-de-lixo-de-todas-micras-tamanhos-e-cores;100L REF 0 10 MC Preto c 100;93;Saco de Lixo 100L Ref. 0,10 MC Preto C/100;saco-de-lixo-100l-ref-0-10-mc-preto-c-100;virar opção e remover produto separado
Sacos de Lixo;sacos-de-lixo-de-todas-micras-tamanhos-e-cores;100L REF 0 12 MC Preto c 100;94;Saco de Lixo 100L Ref. 0,12 MC Preto C/100;saco-de-lixo-100l-ref-0-12-mc-preto-c-100;virar opção e remover produto separado
Sacos de Lixo;sacos-de-lixo-de-todas-micras-tamanhos-e-cores;100L REF 0 8 MC Preto c 100;95;Saco de Lixo 100L Ref. 0,8 MC Preto C/100;saco-de-lixo-100l-ref-0-8-mc-preto-c-100;virar opção e remover produto separado
Sacos de Lixo;sacos-de-lixo-de-todas-micras-tamanhos-e-cores;150L REF 0 10MC 90X105CM c 100;97;Saco de Lixo 150L REF.0,10MC - 90X105CM C/100;saco-de-lixo-150l-ref-0-10mc-90x105cm-c-100;virar opção e remover produto separado
Sacos de Lixo;sacos-de-lixo-de-todas-micras-tamanhos-e-cores;150L REF 0 12 MC Preto c 100;96;Saco de Lixo 150L Ref. 0,12 MC Preto C/100;saco-de-lixo-150l-ref-0-12-mc-preto-c-100;virar opção e remover produto separado
Sacos de Lixo;sacos-de-lixo-de-todas-micras-tamanhos-e-cores;200L 0 12 Preto c 100;106;Saco de Lixo 200L 0,12 Preto C/100;saco-de-lixo-200l-0-12-preto-c-100;virar opção e remover produto separado
Sacos de Lixo;sacos-de-lixo-de-todas-micras-tamanhos-e-cores;200L 0 20 c 50;107;Saco de Lixo 200L 0,20 C/50;saco-de-lixo-200l-0-20-c-50;virar opção e remover produto separado
Sacos de Lixo;sacos-de-lixo-de-todas-micras-tamanhos-e-cores;20L 0 04 MC Preto 40X50CM c 100;109;Saco de Lixo 20L 0,04 MC Preto 40X50CM C/100;saco-de-lixo-20l-0-04-mc-preto-40x50cm-c-100;virar opção e remover produto separado
Sacos de Lixo;sacos-de-lixo-de-todas-micras-tamanhos-e-cores;20L REF MC Preto 40X50CM c 100;4407;Saco de Lixo 20L REF MC Preto 40X50CM C/100;saco-de-lixo-20l-ref-mc-preto-40x50cm-c-100;virar opção e remover produto separado
Sacos de Lixo;sacos-de-lixo-de-todas-micras-tamanhos-e-cores;300L 0 12MC c 50;112;Saco de Lixo 300L 0,12MC C/50;saco-de-lixo-300l-0-12mc-c-50;virar opção e remover produto separado
Sacos de Lixo;sacos-de-lixo-de-todas-micras-tamanhos-e-cores;300L 0 20 Preto c 50;113;Saco de Lixo 300L 0,20 Preto C/50;saco-de-lixo-300l-0-20-preto-c-50;virar opção e remover produto separado
Sacos de Lixo;sacos-de-lixo-de-todas-micras-tamanhos-e-cores;300L 0 20MC c 50;7805;Saco de Lixo 300L 0,20MC C/50;saco-de-lixo-300l-0-20mc-c-50;virar opção e remover produto separado
Sacos de Lixo;sacos-de-lixo-de-todas-micras-tamanhos-e-cores;40L 0 04 MC Preto 55X60CM c 100;121;Saco de Lixo 40L 0,04 MC Preto 55X60CM C/100;saco-de-lixo-40l-0-04-mc-preto-55x60cm-c-100;virar opção e remover produto separado
Sacos de Lixo;sacos-de-lixo-de-todas-micras-tamanhos-e-cores;40L Reforcado Preto 55X60CM c 100;8874;Saco de Lixo 40L Reforçado Preto 55X60CM C/100;saco-de-lixo-40l-reforcado-preto-55x60cm-c-100;virar opção e remover produto separado
Sacos de Lixo;sacos-de-lixo-de-todas-micras-tamanhos-e-cores;60L 0 04 MC Preto 63X70CM c 100;123;Saco de Lixo 60L 0,04 MC Preto 63X70CM C/100;saco-de-lixo-60l-0-04-mc-preto-63x70cm-c-100;virar opção e remover produto separado
Sacos de Lixo;sacos-de-lixo-de-todas-micras-tamanhos-e-cores;60L REF Preto 63X70CM;126;Saco de Lixo 60L Ref. Preto 63X70CM;saco-de-lixo-60l-ref-preto-63x70cm;virar opção e remover produto separado
Sacos de Lixo;sacos-de-lixo-de-todas-micras-tamanhos-e-cores;Azul 100L 0 05MC 75X90CM;135;Saco de Lixo Azul 100L 0,05MC 75X90CM;saco-de-lixo-azul-100l-0-05mc-75x90cm;virar opção e remover produto separado
Sacos de Lixo;sacos-de-lixo-de-todas-micras-tamanhos-e-cores;Azul 100L 0 12;137;Saco de Lixo Azul 100L 0,12;saco-de-lixo-azul-100l-0-12;virar opção e remover produto separado
Sacos de Lixo;sacos-de-lixo-de-todas-micras-tamanhos-e-cores;Azul 200L 0 10MC;141;Saco de Lixo Azul 200L 0,10MC;saco-de-lixo-azul-200l-0-10mc;virar opção e remover produto separado
Sacos de Lixo;sacos-de-lixo-de-todas-micras-tamanhos-e-cores;Azul 200L 0 12 c 100;142;Saco de Lixo Azul 200L 0,12 C/100;saco-de-lixo-azul-200l-0-12-c-100;virar opção e remover produto separado
Sacos de Lixo;sacos-de-lixo-de-todas-micras-tamanhos-e-cores;Azul 20L c 100;6612;Saco de Lixo Azul 20L C/100;saco-de-lixo-azul-20l-c-100;virar opção e remover produto separado
Sacos de Lixo;sacos-de-lixo-de-todas-micras-tamanhos-e-cores;Azul 40L BRV;146;Saco de Lixo Azul 40L BRV;saco-de-lixo-azul-40l-brv;virar opção e remover produto separado
Sacos de Lixo;sacos-de-lixo-de-todas-micras-tamanhos-e-cores;Azul 60L;148;Saco de Lixo Azul 60L;saco-de-lixo-azul-60l;virar opção e remover produto separado
Sacos de Lixo;sacos-de-lixo-de-todas-micras-tamanhos-e-cores;Branco 100L REF 0 08 c 100;5565;Saco de Lixo Branco 100L REF 0,08 C/100;saco-de-lixo-branco-100l-ref-0-08-c-100;virar opção e remover produto separado
Sacos de Lixo;sacos-de-lixo-de-todas-micras-tamanhos-e-cores;Branco 20L 40X50CM c 100;150;Saco de Lixo Branco 20L 40X50CM C/100;saco-de-lixo-branco-20l-40x50cm-c-100;virar opção e remover produto separado
Sacos de Lixo;sacos-de-lixo-de-todas-micras-tamanhos-e-cores;Branco 40 L;152;Saco de Lixo Branco 40 L;saco-de-lixo-branco-40-l;virar opção e remover produto separado
Sacos de Lixo;sacos-de-lixo-de-todas-micras-tamanhos-e-cores;Branco 60L c 100;153;Saco de Lixo Branco 60L C/100;saco-de-lixo-branco-60l-c-100;virar opção e remover produto separado
Sacos de Lixo;sacos-de-lixo-de-todas-micras-tamanhos-e-cores;Hospitalar 100L BRV Reforcado MC 0 6;5514;Saco de Lixo Hospitalar 100L BRV Reforçado MC 0,6;saco-de-lixo-hospitalar-100l-brv-reforcado-mc-0-6;virar opção e remover produto separado
Sacos de Lixo;sacos-de-lixo-de-todas-micras-tamanhos-e-cores;Hospitalar 30L;163;Saco de Lixo Hospitalar 30L;saco-de-lixo-hospitalar-30l;virar opção e remover produto separado
Sacos de Lixo;sacos-de-lixo-de-todas-micras-tamanhos-e-cores;Hospitalar BRV 30L;5512;Saco de Lixo Hospitalar BRV 30L;saco-de-lixo-hospitalar-brv-30l;virar opção e remover produto separado
Sacos de Lixo;sacos-de-lixo-de-todas-micras-tamanhos-e-cores;Hospitalar BRV 50L;5513;Saco de Lixo Hospitalar BRV 50L;saco-de-lixo-hospitalar-brv-50l;virar opção e remover produto separado
Sacos de Lixo;sacos-de-lixo-de-todas-micras-tamanhos-e-cores;Laranja 100L 0 10 c 100;5564;Saco de Lixo Laranja 100L 0,10 C/100;saco-de-lixo-laranja-100l-0-10-c-100;virar opção e remover produto separado
Sacos de Lixo;sacos-de-lixo-de-todas-micras-tamanhos-e-cores;Transparente 100L 05MC;4377;Saco de Lixo Transparente 100L 05MC;saco-de-lixo-transparente-100l-05mc;virar opção e remover produto separado
Sacos de Lixo;sacos-de-lixo-de-todas-micras-tamanhos-e-cores;Transparente 40L;184;Saco de Lixo Transparente 40L;saco-de-lixo-transparente-40l;virar opção e remover produto separado
Sacos de Lixo;sacos-de-lixo-de-todas-micras-tamanhos-e-cores;Transparente 60L c 100UN;3235;Saco de Lixo Transparente 60L C/100UN;saco-de-lixo-transparente-60l-c-100un;virar opção e remover produto separado
Sacos de Lixo;sacos-de-lixo-de-todas-micras-tamanhos-e-cores;Verde 60L c 100;192;Saco de Lixo Verde 60L C/100;saco-de-lixo-verde-60l-c-100;virar opção e remover produto separado
Suporte Rolão Crem 600m Trilha;suporte-rolao-crem-600m-trilha-branco;Branco;4425;Suporte Rolao Crem 600M Trilha Branco;suporte-rolao-crem-600m-trilha-branco;manter como produto pai e adicionar como opção
Suporte Rolão Crem 600m Trilha;suporte-rolao-crem-600m-trilha-branco;Preto;4344;Suporte Rolao Crem 600M Trilha Preto;suporte-rolao-crem-600m-trilha-preto;virar opção e remover produto separado
Vassoura Noviça Original;vassoura-novica-original-sem-cabo;SEM Cabo;9936;Vassoura Novica Original SEM Cabo;vassoura-novica-original-sem-cabo;manter como produto pai e adicionar como opção
Vassoura Noviça Original;vassoura-novica-original-sem-cabo;com Cabo;7815;Vassoura Novica Original com Cabo;vassoura-novica-original-com-cabo;virar opção e remover produto separado
Água Perfumada Caszulo 500ml;agua-perfumada-caszulo-bambu-orieltal-500ml;Bambu Orieltal;9877;Agua Perfumada Caszulo Bambu Orieltal 500ML;agua-perfumada-caszulo-bambu-orieltal-500ml;manter como produto pai e adicionar como opção
Água Perfumada Caszulo 500ml;agua-perfumada-caszulo-bambu-orieltal-500ml;Fava de Baunilha;9878;Agua Perfumada Caszulo Fava de Baunilha 500ML;agua-perfumada-caszulo-fava-de-baunilha-500ml;virar opção e remover produto separado
Álcool Acendedor 5L 80%;alcool-acendedor-araras-5l-80;Araras;6693;Álcool Acendedor Araras 5L 80%;alcool-acendedor-araras-5l-80;manter como produto pai e adicionar como opção
Álcool Acendedor 5L 80%;alcool-acendedor-araras-5l-80;Vale Verde / Sulmar;4388;Álcool Acendedor Vale Verde / Sulmar 5L 80%;alcool-acendedor-vale-verde-sulmar-5l-80;virar opção e remover produto separado
Álcool Líquido Araras 70%;alcool-liquido-70-1-l-araras;1L;8869;Álcool Liquido 70% 1 L Araras;alcool-liquido-70-1-l-araras;manter como produto pai e adicionar como opção
Álcool Líquido Araras 70%;alcool-liquido-70-1-l-araras;5L;8868;Álcool Liquido Araras 5L 70%;alcool-liquido-araras-5l-70;virar opção e remover produto separado
Álcool Líquido Vale Verde 1L;alcool-liquido-70-1-l-vale-verde;70%;4374;Álcool Liquido 70% 1 L Vale Verde;alcool-liquido-70-1-l-vale-verde;manter como produto pai e adicionar como opção
Álcool Líquido Vale Verde 1L;alcool-liquido-70-1-l-vale-verde;92,8%;5579;Álcool Liquido 92,8% 1 L Vale Verde;alcool-liquido-92-8-1-l-vale-verde;virar opção e remover produto separado
Álcool Perfumado Quimak 5L;alcool-perfumado-floral-quimak-5l;Floral;6621;Álcool Perfumado Floral Quimak 5L;alcool-perfumado-floral-quimak-5l;manter como produto pai e adicionar como opção
Álcool Perfumado Quimak 5L;alcool-perfumado-floral-quimak-5l;Lavanda;5519;Álcool Perfumado Lavanda Quimak 5L;alcool-perfumado-lavanda-quimak-5l;virar opção e remover produto separado
