codigo;produto;categoria_principal;categorias;quantidade_vendida;pagina_pdf;acao;observacao
6616;Açúcar Branco 1KG;diversos;diversos, cozinha;8;1;adicionar;
7842;Açúcar Docesucar Branco 1KG;diversos;diversos, cozinha;26;1;adicionar;
7733;Açúcar Sache Caravelas Cristal Branco CX C/1000;diversos;diversos, cozinha;13;1;adicionar;
6619;Adoçante Liquido 100ML Magro;diversos;diversos, cozinha;4;1;adicionar;
9877;Agua Perfumada Caszulo Bambu Orieltal 500ML;aromatizadores;aromatizadores;2;1;adicionar;
9878;Agua Perfumada Caszulo Fava de Baunilha 500ML;aromatizadores;aromatizadores;5;1;adicionar;
7788;Agua Perfumada 365ML Dubai BRV;aromatizadores;aromatizadores;1;1;adicionar;
1996;Agua Perfumada VIA Aroma Bamboo 500ML;aromatizadores;aromatizadores;1;1;ja_encontrado_ou_parecido;
6648;Agua Perfumada VIA Aroma BRV Amsterda 365ML;aromatizadores;aromatizadores;1;1;ja_encontrado_ou_parecido;
5450;Agua Perfumada VIA Aroma BRV Baby 500ML;aromatizadores;aromatizadores;2;1;ja_encontrado_ou_parecido;
5451;Agua Perfumada VIA Aroma BRV Bamboo 500ML;aromatizadores;aromatizadores;1;1;ja_encontrado_ou_parecido;
5452;Agua Perfumada VIA Aroma BRV Black Vanila 500ML;aromatizadores;aromatizadores;3;1;ja_encontrado_ou_parecido;
6649;Agua Perfumada VIA Aroma BRV Black Vanilla 500ML;aromatizadores;aromatizadores;3;1;ja_encontrado_ou_parecido;
6650;Agua Perfumada VIA Aroma BRV Lavanda 500ML;aromatizadores;aromatizadores;3;1;ja_encontrado_ou_parecido;
5552;Agua Perfumada VIA Aroma BRV Lavanda Francesa 500ML;aromatizadores;aromatizadores;5;1;ja_encontrado_ou_parecido;
6697;Agua Perfumada VIA Aroma Vanilla 500ML;aromatizadores;aromatizadores;9;1;ja_encontrado_ou_parecido;
2208;Agua Sanitaria Besser 5L;produtos-de-limpeza;produtos-de-limpeza;1160;1;ja_encontrado_ou_parecido;
6693;Álcool Acendedor Araras 5L 80%;produtos-de-limpeza;produtos-de-limpeza;22;1;adicionar;
4388;Álcool Acendedor Vale Verde / Sulmar 5L 80%;produtos-de-limpeza;produtos-de-limpeza;12;1;adicionar;
4359;Álcool GEL Pump Premisse 500ML;produtos-de-limpeza;produtos-de-limpeza, banheiro;3;1;adicionar;
4375;Álcool GEL Vale Verde 5L 70%;produtos-de-limpeza;produtos-de-limpeza, banheiro;31;1;adicionar;
8869;Álcool Liquido 70% 1 L Araras;produtos-de-limpeza;produtos-de-limpeza;490;1;adicionar;
4374;Álcool Liquido 70% 1 L Vale Verde;produtos-de-limpeza;produtos-de-limpeza;44;1;adicionar;
5579;Álcool Liquido 92,8% 1 L Vale Verde;produtos-de-limpeza;produtos-de-limpeza;94;1;adicionar;
8868;Álcool Liquido Araras 5L 70%;produtos-de-limpeza;produtos-de-limpeza;515;1;adicionar;
6621;Álcool Perfumado Floral Quimak 5L;produtos-de-limpeza;produtos-de-limpeza;4;1;adicionar;
5519;Álcool Perfumado Lavanda Quimak 5L;produtos-de-limpeza;produtos-de-limpeza;4;1;adicionar;
1089;Alvejante SEM Cloro Spry Peroxy 5L;produtos-de-limpeza;produtos-de-limpeza;128;2;adicionar;
6669;Amaciante Zavaski Coco 5 L;produtos-de-limpeza;produtos-de-limpeza;19;2;adicionar;
6670;Amaciante Zavaski Lavanda 5 L;produtos-de-limpeza;produtos-de-limpeza;365;2;adicionar;
4324;Aromatizante ASA 140ML Floral Matricaria;aromatizadores;aromatizadores;1;2;adicionar;
4348;Aromatizante ASA 140ML Laranja C/ Canela;aromatizadores;aromatizadores;1;2;adicionar;
8862;Aromatizante Cheirudo 140ML Bamboo;aromatizadores;aromatizadores;6;2;adicionar;
4279;Aromatizante Cheirudo 140ML Lavanda;aromatizadores;aromatizadores;13;2;adicionar;
4325;Aromatizante Cheirudo 140ML Talco;aromatizadores;aromatizadores;5;2;adicionar;
7756;Aromatizante Coala 120ML Algas Marinhas;aromatizadores;aromatizadores;5;2;adicionar;
7840;Aromatizante Coala 120ML Algodao;aromatizadores;aromatizadores;17;2;adicionar;
7757;Aromatizante Coala 120ML Bambu;aromatizadores;aromatizadores;37;2;adicionar;
7758;Aromatizante Coala 120ML CHA Branco;aromatizadores;aromatizadores;67;2;adicionar;
7850;Aromatizante Coala 120ML Cravo e Canela;aromatizadores;aromatizadores;13;2;adicionar;
7851;Aromatizante Coala 120ML Eucalipto;aromatizadores;aromatizadores;3;2;adicionar;
7802;Aromatizante Coala 120ML Lavanda;aromatizadores;aromatizadores;122;2;adicionar;
7759;Aromatizante Coala 120ML Lima Limao;aromatizadores;aromatizadores;20;2;adicionar;
7760;Aromatizante Coala 120ML Orquidea Negra;aromatizadores;aromatizadores;66;2;adicionar;
7803;Aromatizante Coala 120ML Pinho;aromatizadores;aromatizadores;6;2;adicionar;
7761;Aromatizante Coala 120ML Talco;aromatizadores;aromatizadores;33;2;adicionar;
7800;Balde Dobravel 10L;equipamentos;equipamentos;1;2;adicionar;
4309;Balde Plastico 15 L;equipamentos;equipamentos;48;2;adicionar;
7712;Bicarbonato de Sodio 1KG;diversos;diversos, cozinha;10;2;adicionar;
9880;Bloco Sanitário P/ Caixa Acoplada Lavanda Higie Plus;banheiro;banheiro;86;2;adicionar;
9881;Bloco Sanitário P/ Caixa Acoplada Marine Higie Plus;banheiro;banheiro;26;2;adicionar;
5546;Bloqueador Sanitário Canela Premisse;banheiro;banheiro;7;2;adicionar;
7769;Bloqueador Sanitário Capim Limao Premisse;banheiro;banheiro;6;2;adicionar;
5547;Bloqueador Sanitário Tutti Frutti Premisse;banheiro;banheiro;1;2;adicionar;
7818;Bombona 50L Vazio;diversos;diversos;1;2;adicionar;
1149;Brava Bact Germ 5L (1:20);produtos-de-limpeza;produtos-de-limpeza;48;2;adicionar;
1150;Brava Bact Germ Pronto USO 1L Spray;produtos-de-limpeza;produtos-de-limpeza;2;2;adicionar;
1910;Brilho Inox DOM Line 300ML (200G);diversos;diversos, cozinha, produtos-de-limpeza;10;2;possivel_duplicado_nao_adicionar;parecido com Brilha Inox Spray Super Dom 300ml já cadastrado
7768;Brilho Inox LEV e UZE Spray 3 em 1 300ML;diversos;diversos, cozinha, produtos-de-limpeza;4;2;adicionar;
6682;Cabo Aluminio C/rosca Sanches 1,40MT Estriado;equipamentos;equipamentos;2;3;adicionar;
5484;Cabo Aluminio C/rosca Sanches 1,40MT Liso;equipamentos;equipamentos;3;3;adicionar;
1686;Cabo de Madeira Avulso;equipamentos;equipamentos;111;3;adicionar;
9883;Cafe 3 Coracoes 500G;diversos;diversos, cozinha;195;3;adicionar;
9894;Cafe Caboclo 500G;diversos;diversos, cozinha;40;3;adicionar;
1912;Cafe Melita;diversos;diversos, cozinha;42;3;adicionar;
6628;Cera Incolor 5L Girando SOL;produtos-de-limpeza;produtos-de-limpeza;30;3;adicionar;
7704;Chave Suportes Trilha Branco;diversos;diversos;15;3;adicionar;
9891;Coala Difusor de Varetas 100ML Cereja e Avela;aromatizadores;aromatizadores;3;3;adicionar;
6683;Conjunto MOP PÓ 40CM Sanches;equipamentos;equipamentos;1;3;adicionar;
5488;Conjunto MOP PÓ 60CM Sanches;equipamentos;equipamentos;2;3;adicionar;
2056;Container 240L C/rodas S/pedal Preto;equipamentos;equipamentos;1;3;adicionar;
7831;Copo 180ML Dudigo Promo com 25TR Transparente;descartaveis;descartaveis, cozinha;5;3;adicionar;
66;Copo 180ML Dudigo TR C/100 Transparente;descartaveis;descartaveis, cozinha;1659;3;adicionar;
9913;Copo 180ML Gpack com 25TR Transparente;descartaveis;descartaveis, cozinha;698;3;adicionar;
9914;Copo 180ML Gpack Glight com 25TR Transparente;descartaveis;descartaveis, cozinha;1542;3;adicionar;
7806;Copo 50ML Dudigo com 50TR - TR C/100;descartaveis;descartaveis, cozinha;312;3;adicionar;
7808;Copo 80ML Dudigo TR C/ 100UN BRV;descartaveis;descartaveis, cozinha;105;3;adicionar;
85;Copo Termico BRV 120ML Tira C/25;descartaveis;descartaveis, cozinha;294;3;adicionar;
86;Copo Termico BRV 180ML Tira C/25;descartaveis;descartaveis, cozinha;162;3;adicionar;
4419;Desengordurante Pratico 5L;produtos-de-limpeza;produtos-de-limpeza, cozinha;32;3;ja_encontrado_ou_parecido;
1094;Desengordurante Pratico Spray 1 Litro;produtos-de-limpeza;produtos-de-limpeza, cozinha;15;3;adicionar;
5486;Desentupidor Banheiro C/cabo Médio Sanches;equipamentos;equipamentos;3;3;adicionar;
1096;Desinfetante Besser Lavanda 5L;produtos-de-limpeza;produtos-de-limpeza, banheiro;325;3;ja_encontrado_ou_parecido;
4288;Desinfetante Brisa do MAR Besser 5L;produtos-de-limpeza;produtos-de-limpeza, banheiro;293;3;ja_encontrado_ou_parecido;
3242;Desinfetante Floral Besser 5L;produtos-de-limpeza;produtos-de-limpeza, banheiro;190;3;adicionar;
6642;Desinfetante Quimak Concentrado Kaiak 1/20;produtos-de-limpeza;produtos-de-limpeza, banheiro;10;3;adicionar;
6644;Desinfetante Spry Concentrado Kaiaque 1/20;produtos-de-limpeza;produtos-de-limpeza, banheiro;90;3;adicionar;
6657;Desinfetante Spry Concentrado Lavanda 1/20;produtos-de-limpeza;produtos-de-limpeza, banheiro;385;4;adicionar;
7748;Desinfetante Spry Concentrado Marine 1/20;produtos-de-limpeza;produtos-de-limpeza, banheiro;48;4;adicionar;
6661;Desinfetante Spry Concentrado Talco 1/20;produtos-de-limpeza;produtos-de-limpeza, banheiro;247;4;adicionar;
1790;Desumidificador Neutro (tira-mofo) 100G;diversos;diversos;25;4;adicionar;
6629;Desumidificador Sonho de Infancia (tira-mofo) 100G;diversos;diversos;36;4;adicionar;
6660;Detergente 500ML Limpol;produtos-de-limpeza;produtos-de-limpeza, cozinha;359;4;adicionar;
9887;Detergente 500ML Limpol Cristal;produtos-de-limpeza;produtos-de-limpeza, cozinha;15;4;adicionar;
1920;Detergente 500ML YPÊ;produtos-de-limpeza;produtos-de-limpeza, cozinha;11;4;ja_encontrado_ou_parecido;
7753;Detergente 500ML YPÊ Clear;produtos-de-limpeza;produtos-de-limpeza, cozinha;11;4;adicionar;
1921;Detergente 500ML Zavaski;produtos-de-limpeza;produtos-de-limpeza, cozinha;305;4;adicionar;
2213;Detergente Clorado Spry 5L;produtos-de-limpeza;produtos-de-limpeza, cozinha;420;4;possivel_duplicado_nao_adicionar;parecido com Detergente Clorado Besser 5L já cadastrado
5541;Detergente Clorado Zavaski 1L;produtos-de-limpeza;produtos-de-limpeza, cozinha;2;4;adicionar;
6671;Detergente Clorado Zavaski 5L;produtos-de-limpeza;produtos-de-limpeza, cozinha;65;4;adicionar;
1922;Detergente Lava Louças Besser 5L;produtos-de-limpeza;produtos-de-limpeza, cozinha;309;4;adicionar;
5444;Detergente Lava Louças Quimak 5L;produtos-de-limpeza;produtos-de-limpeza, cozinha;1;4;adicionar;
6651;Detergente Lava Louças Spry 5L;produtos-de-limpeza;produtos-de-limpeza, cozinha;265;4;adicionar;
9900;Dif. de Varetas Caszulo 250ML Bambu Oriental;diversos;diversos;5;4;adicionar;
9903;Dif. de Varetas Caszulo 250ML Cerejeira em Flor;diversos;diversos;5;4;adicionar;
9904;Dif. de Varetas Caszulo 250ML Fava de Baunilha;diversos;diversos;5;4;adicionar;
7822;Difusor de Varetas 200ML Amsterda Tulipa Garden;aromatizadores;aromatizadores;3;4;adicionar;
5527;Difusor de Varetas 200ML Buenos Aires;aromatizadores;aromatizadores;2;4;ja_encontrado_ou_parecido;
7823;Difusor de Varetas 200ML Cancun Cereja Tropical;aromatizadores;aromatizadores;2;4;adicionar;
7740;Difusor de Varetas 200ML Miami Aqua Marine;aromatizadores;aromatizadores;1;4;adicionar;
7742;Difusor de Varetas 200ML Paris BRV;aromatizadores;aromatizadores;1;4;adicionar;
9889;Difusor de Varetas Premisse 300ML Alegria;aromatizadores;aromatizadores;2;4;adicionar;
6687;Dispenser MOP Spray Bompack;equipamentos;equipamentos;1;4;adicionar;
221;Dispenser Poupa Copo Água Branco;descartaveis;descartaveis, cozinha;5;4;adicionar;
222;Dispenser Poupa Copo Cafe Branco;diversos;diversos, cozinha;1;4;adicionar;
6677;Escada de Aluminio MOR 3 Degraus;diversos;diversos;1;4;adicionar;
6678;Escova C Alça Sanches;equipamentos;equipamentos;29;5;adicionar;
7801;Escova Limpa Cantos;produtos-de-limpeza;produtos-de-limpeza;1;5;adicionar;
1795;Escova Sanitaria C/ Suporte Sanches;equipamentos;equipamentos;67;5;adicionar;
1701;Escova SÓ Lava;equipamentos;equipamentos;8;5;adicionar;
5485;Escovão Odim Maior C/espuma+cabo Sanches;equipamentos;equipamentos;1;5;adicionar;
7755;Escovinha de Roupa Bompack com Alça;diversos;diversos;3;5;adicionar;
1748;Espanador de Pena 20 CM Peq.sanches;equipamentos;equipamentos;9;5;adicionar;
1749;Espanador de Pena 40 CM Sanches;equipamentos;equipamentos;8;5;adicionar;
5539;Esponja de AÇO de AÇO Zavaski;diversos;diversos;170;5;adicionar;
9899;Esponja Dupla Face C/ PEL Bettanin Superpro;diversos;diversos;1496;5;ja_encontrado_ou_parecido;
6674;Esponja Dupla Face C/ PEL Nobre;diversos;diversos;17;5;ja_encontrado_ou_parecido;
5442;Esponja Dupla Face S/ PEL Bettanin;diversos;diversos;581;5;ja_encontrado_ou_parecido;
4362;Esponja Magica Bompack;diversos;diversos;19;5;adicionar;
7714;Esponja Teflon Azul;diversos;diversos;19;5;adicionar;
7789;Essencia 10ML Ambar BRV;aromatizadores;aromatizadores;2;5;adicionar;
5553;Essencia 10ML Amsterda BRV;aromatizadores;aromatizadores;2;5;adicionar;
2026;Essencia 10ML Baby BRV;aromatizadores;aromatizadores;1;5;adicionar;
2000;Essencia 10ML Bamboo BRV;aromatizadores;aromatizadores;8;5;adicionar;
5457;Essencia 10ML Black Vanilla BRV;aromatizadores;aromatizadores;12;5;ja_encontrado_ou_parecido;
5458;Essencia 10ML Breeze BRV;aromatizadores;aromatizadores;2;5;adicionar;
5554;Essencia 10ML Buenos Aires BRV;aromatizadores;aromatizadores;1;5;ja_encontrado_ou_parecido;
5461;Essencia 10ML Delicate BRV;aromatizadores;aromatizadores;2;5;adicionar;
9879;Essencia 10ML Dubai Lirio Gold BRV;aromatizadores;aromatizadores;1;5;adicionar;
4322;Essencia 10ML Flor de Algodao BRV;aromatizadores;aromatizadores;2;5;ja_encontrado_ou_parecido;
5463;Essencia 10ML Flor de Laranjeira BRV;aromatizadores;aromatizadores;1;5;ja_encontrado_ou_parecido;
6627;Essencia 10ML Lavanda Francesa BRV;aromatizadores;aromatizadores;15;5;adicionar;
6694;Essencia 10ML Lavanderia BRV;aromatizadores;aromatizadores;1;5;adicionar;
5555;Essencia 10ML Lisboa BRV;aromatizadores;aromatizadores;1;5;adicionar;
5469;Essencia 10ML Miami BRV;aromatizadores;aromatizadores;2;5;adicionar;
5470;Essencia 10ML Paris BRV;aromatizadores;aromatizadores;1;5;adicionar;
7735;Essencia 10ML Pimenta Rosa BRV;aromatizadores;aromatizadores;1;5;adicionar;
5468;Essencia 10ML Vanilla BRV;aromatizadores;aromatizadores;38;6;adicionar;
1688;Extensão Cabo Chapa de AÇO 3M Sanches;equipamentos;equipamentos;1;6;adicionar;
1690;Extensão Telescópica Aluminio 3,MT Sanches;diversos;diversos;5;6;adicionar;
1694;Extensão Telescópica Aluminio 6,0 MT Sanches;diversos;diversos;1;6;adicionar;
692;Fibraço Leve Branco GDE 26CM;equipamentos;equipamentos;85;6;adicionar;
693;Fibraço Verde GDE 26CM;equipamentos;equipamentos;25;6;adicionar;
695;Fibraço Verde Grande 26CM Limp.pesada;equipamentos;equipamentos;330;6;adicionar;
696;Fibraço Verde PEQ 10CM Grosso Bettaço;equipamentos;equipamentos;9;6;adicionar;
1927;Filtro de Cafe 102 Brigitta;diversos;diversos, cozinha;5;6;adicionar;
1928;Filtro de Cafe 103 Brigitta;diversos;diversos, cozinha;76;6;adicionar;
7854;Fixar Aromatizantes 1L Spray Black;diversos;diversos;1;6;adicionar;
7857;Fixar Aromatizantes 1L Spray Vanilla;diversos;diversos;1;6;adicionar;
624;Flanela de Algodão Branca 28X38;papeis-e-panos;papeis-e-panos;21;6;ja_encontrado_ou_parecido;
627;Flanela de Algodão Laranja 28X38;papeis-e-panos;papeis-e-panos;46;6;ja_encontrado_ou_parecido;
628;Fralda para Limpeza 48X58;diversos;diversos;47;6;adicionar;
7809;Garfo Plastico PC C/50 Branco Linha Forte Dudigo;diversos;diversos;17;6;adicionar;
7830;Gatilho Pulverizador Bompack 500ML;equipamentos;equipamentos;5;6;adicionar;
1798;GEL Adesivo Sanitário Sany Aplic+refil Lavanda BRV;diversos;diversos;72;6;adicionar;
1799;GEL Adesivo Sanitário Sany Aplic+refil Marine BRV;diversos;diversos;50;6;adicionar;
8870;Glinter Magicmop + 2 Refis;diversos;diversos;5;6;adicionar;
5441;Gpine 5L 1/40;diversos;diversos;16;6;adicionar;
1938;Grampo Plastico (duzia) Sanches;diversos;diversos;9;6;adicionar;
751;Guardanapo Bela Vista Plus Grande 29,5X29,5CM;papeis-e-panos;papeis-e-panos;1618;6;adicionar;
752;Guardanapo Bela Vista Plus Pequeno 19,5X19,5CM;papeis-e-panos;papeis-e-panos;299;6;adicionar;
4406;Guardanapo Nobby Foolha Dupla Grande 30X31;papeis-e-panos;papeis-e-panos;7;6;adicionar;
9890;Guardanapo Nobby Foolha Dupla Pequeno 21X22;papeis-e-panos;papeis-e-panos;5;6;adicionar;
6601;Hipoclorito 50L;diversos;diversos;1;6;adicionar;
1939;Inseticida Aerosol Proinset 250ML;diversos;diversos;50;6;adicionar;
7796;Inseticida Aerosol SBP 380ML;diversos;diversos;22;6;adicionar;
1940;LÃ de AÇO Assolan com 8 Unidades;diversos;diversos;174;6;adicionar;
9912;Lamina P/ Rodo Kombi Sanches 35 CM;equipamentos;equipamentos;1;6;adicionar;
1111;Lava Roupas Besser 5 L;diversos;diversos;418;7;ja_encontrado_ou_parecido;
6652;Lava Roupas Spry 5 L;diversos;diversos;295;7;adicionar;
6638;Leite em PO Italac 400G;diversos;diversos;10;7;adicionar;
5510;Lençol Hospitalar Bela Vista 100% 70X50 C/6 (69X50);diversos;diversos;42;7;adicionar;
7777;LEV Odorizador Bambu Arboral 400ML;diversos;diversos;92;7;adicionar;
7778;LEV Odorizador Baunilha 400ML;diversos;diversos;57;7;adicionar;
7779;LEV Odorizador Canela e Frutas 400ML;diversos;diversos;89;7;adicionar;
7780;LEV Odorizador Capim Limao 400ML;diversos;diversos;31;7;adicionar;
7785;LEV Odorizador CHA Branco 400ML;diversos;diversos;31;7;adicionar;
7784;LEV Odorizador Citrus 400ML;diversos;diversos;43;7;adicionar;
7781;LEV Odorizador Lavanda Floral 400ML;diversos;diversos;147;7;adicionar;
7782;LEV Odorizador Petalas de Rosas 400ML;diversos;diversos;38;7;ja_encontrado_ou_parecido;
7783;LEV Odorizador Talco e Carinho 400ML;diversos;diversos;166;7;adicionar;
4384;Limpa Aluminio Quimak 5L;produtos-de-limpeza;produtos-de-limpeza;180;7;ja_encontrado_ou_parecido;
1188;Limpa Obra Besser 5L;produtos-de-limpeza;produtos-de-limpeza;101;7;adicionar;
4371;Limpa Pedra Acido Louro 5L;produtos-de-limpeza;produtos-de-limpeza;3;7;adicionar;
4314;Limpa Pedras Quiimaqui 5L;produtos-de-limpeza;produtos-de-limpeza;26;7;possivel_duplicado_nao_adicionar;parecido com Limpa Pedras Quimak 5L já cadastrado
7786;Limpa Rejunte 1L;produtos-de-limpeza;produtos-de-limpeza;2;7;adicionar;
9926;Limpa Tapete e Estofados MR Keep 750ML;produtos-de-limpeza;produtos-de-limpeza;1;7;adicionar;
4364;Limpa Vidro 500ML UP Nobre;produtos-de-limpeza;produtos-de-limpeza;11;7;adicionar;
4386;Limpa Vidro 5L UP;produtos-de-limpeza;produtos-de-limpeza;37;7;adicionar;
9925;Limpador Perfumado C/ Alcool Tropical Besser 5L;produtos-de-limpeza;produtos-de-limpeza;8;7;adicionar;
9898;Lixeira Basc 14L Branco;diversos;diversos;7;7;adicionar;
4356;Lixeira Basc 50L Preta;diversos;diversos;7;7;adicionar;
9917;Lixeira C/ Pedal 120L Preto;diversos;diversos;2;7;adicionar;
9937;Lixeira C/rodas e Pedal 120L Amarelo;diversos;diversos;1;7;adicionar;
9938;Lixeira C/rodas e Pedal 120L Azul;diversos;diversos;1;7;adicionar;
9939;Lixeira C/rodas e Pedal 120L Verde;diversos;diversos;1;7;adicionar;
9940;Lixeira C/rodas e Pedal 120L Vermeho;diversos;diversos;1;7;adicionar;
2153;Lixeira C/tampa 100L com Rodas Arqplast Preta;diversos;diversos;2;7;adicionar;
2178;Lixeira C/tampa 97L Plasvale Preta Promocional;diversos;diversos;2;7;adicionar;
9897;Lixeira Telada 11L em AÇO Inox Preta;diversos;diversos;3;8;adicionar;
856;Lustra Moveis MR Keep 750ML;diversos;diversos;64;8;ja_encontrado_ou_parecido;
1625;Lustra Moveis Nobre 200ML;diversos;diversos;24;8;ja_encontrado_ou_parecido;
5474;Luva Latex Procedimento Bompack G C/100 C/pó;descartaveis;descartaveis;4;8;adicionar;
5475;Luva Latex Procedimento Bompack M C/100 C/pó;descartaveis;descartaveis;45;8;adicionar;
5476;Luva Latex Procedimento Bompack P C/100 C/pó;descartaveis;descartaveis;4;8;adicionar;
6658;Luva Latex Procedimento Bompack PP C/100 C/pó;descartaveis;descartaveis;2;8;adicionar;
6614;Luva Longatex/ranhurada G;descartaveis;descartaveis;13;8;adicionar;
727;Luva Longatex/ranhurada M;descartaveis;descartaveis;10;8;adicionar;
4412;Luva Nitrilica Preta G C/100 Bompack;descartaveis;descartaveis;37;8;adicionar;
5577;Luva Nitrilica Preta G G C/100 Bompack;descartaveis;descartaveis;2;8;adicionar;
4411;Luva Nitrilica Preta M C/100 Bompack;descartaveis;descartaveis;81;8;adicionar;
4410;Luva Nitrilica Preta P C/100 Bompack;descartaveis;descartaveis;6;8;adicionar;
1705;Luva P/ Rodo Kombi e Passador 35 CM;equipamentos;equipamentos;1;8;adicionar;
732;Luva Plastica Descartavel C/100;descartaveis;descartaveis;11;8;adicionar;
739;Luva Verniz Bompack G Azul;descartaveis;descartaveis;73;8;adicionar;
736;Luva Verniz Bompack M Azul;descartaveis;descartaveis;196;8;adicionar;
742;Luva Verniz Bompack P Azul;descartaveis;descartaveis;24;8;adicionar;
5477;Mascara TNT Bompack com Elástico PC C/50UN;descartaveis;descartaveis;59;8;adicionar;
5499;MOP 360 Balde Espremedor Azul;equipamentos;equipamentos;3;8;adicionar;
1843;MOP C/ Dispenser Spray;equipamentos;equipamentos;4;8;adicionar;
5568;MR Keep Limpador C Brilho para Laminado 750ML;diversos;diversos, produtos-de-limpeza;3;8;adicionar;
860;Mult DRY 5 Litros Secante para MAQ;diversos;diversos;1;8;adicionar;
1158;Mult Espuma Desincrustante / Desengord 5L Diluirm em 1/40;diversos;diversos;28;8;adicionar;
9918;Mult Remove Removedor de Ferrugem 5L;diversos;diversos;1;8;adicionar;
7745;Mult Stone 5L;diversos;diversos;2;8;adicionar;
895;Mult Wash 5 Litros;diversos;diversos;2;8;adicionar;
1118;Multi USO Pink Brava Cleaner 5 Litros;diversos;diversos;91;8;adicionar;
1119;Multi USO Wave Pink Spray 1L;diversos;diversos;4;8;adicionar;
6626;Multiuso C Bicarbonato Zavaski 500ML;produtos-de-limpeza;produtos-de-limpeza, cozinha;77;8;adicionar;
1944;Naftalina Pacote 30G;banheiro;banheiro;68;8;adicionar;
7843;Oleo de Peroba King 100ML;diversos;diversos;8;9;adicionar;
8866;P.toalha Bobina 200M Brava Bello 28G 100%CEL CX C/6;papeis-e-panos;papeis-e-panos;59;9;adicionar;
8867;P.toalha Bobina 200M Brava Bello 32G 100%CEL CX C/6;papeis-e-panos;papeis-e-panos;6;9;adicionar;
5490;P.toalha Bobina 200M Ipel 28G 100%CEL CX C/6;papeis-e-panos;papeis-e-panos;125;9;adicionar;
15;P.toalha Bobina 200M Premium Brava 38G CX C/6;papeis-e-panos;papeis-e-panos;5;9;adicionar;
6656;P.toalha Cozinha C/2 Stylus;papeis-e-panos;papeis-e-panos;290;9;adicionar;
9924;P.toalha Interf. 2D BV Soft 28G CX 2500;papeis-e-panos;papeis-e-panos;59;9;adicionar;
4338;P.toalha Interf. 2D BV Soft 28G CX 5000F 28G;papeis-e-panos;papeis-e-panos;86;9;adicionar;
4305;P.toalha Interf. 2D Extra Luxo Gold Fardao 5000F NV 20G;papeis-e-panos;papeis-e-panos;49;9;adicionar;
8865;P.toalha Interf. 2D Extra Luxo Gold Fardao 5000F NV 20G Bello;papeis-e-panos;papeis-e-panos;476;9;adicionar;
5446;P.toalha Interf. 2D Ipel FIT CX 5000F 24G;papeis-e-panos;papeis-e-panos;190;9;adicionar;
7743;P.toalha Interf. 2D Ipel FIT Pacote C 250 F 24G;papeis-e-panos;papeis-e-panos;46;9;adicionar;
4273;P.toalha Interf. Ipel 2000 F.dupla 22,5X20,5 30G;papeis-e-panos;papeis-e-panos;103;9;adicionar;
1756;PÁ Coletora Bettanin;equipamentos;equipamentos;1;9;adicionar;
1755;PÁ de Lixo Cabo Longo e Articulado;equipamentos;equipamentos;7;9;ja_encontrado_ou_parecido;
1758;PÁ de Lixo Plástica Cabo Longo;equipamentos;equipamentos;20;9;possivel_duplicado_nao_adicionar;parecido com Pá de Lixo Cabo Longo já cadastrada
1759;PÁ de Lixo Plástica Curta;equipamentos;equipamentos;23;9;adicionar;
7814;PÁ de Lixo Plástica Curta com Escova;equipamentos;equipamentos;4;9;adicionar;
1760;PÁ Jeitosa C/cabo Bettanin;equipamentos;equipamentos;17;9;adicionar;
7849;Palheta Mexedor BRV Grande C/240;descartaveis;descartaveis, cozinha;23;9;adicionar;
4366;Palheta Mexedor BRV Mini 500UN;descartaveis;descartaveis, cozinha;1;9;adicionar;
5590;Palito de Bambu Embalado CX C 2,000;diversos;diversos;1;9;adicionar;
629;Pano de Chao Alv. 40X70;papeis-e-panos;papeis-e-panos;410;9;adicionar;
634;Pano de Chao Saco Economico 35X60 Liso;papeis-e-panos;papeis-e-panos;61;9;adicionar;
4393;Pano de Chao Xadrez Extra 40X70;papeis-e-panos;papeis-e-panos;398;9;adicionar;
641;Pano de Prato Branco Unidade;papeis-e-panos;papeis-e-panos;228;9;ja_encontrado_ou_parecido;
4370;Pano Multiuso C/ 5UN Vermelho 30X50CM;produtos-de-limpeza;produtos-de-limpeza;3;9;adicionar;
647;Pano Multiuso Rolo 30X30M Azul - Rende 50 Panos;produtos-de-limpeza;produtos-de-limpeza;39;10;adicionar;
649;Pano Multiuso Rolo 30X30M Verde - Rende 50 Panos;produtos-de-limpeza;produtos-de-limpeza;15;10;adicionar;
650;Pano Multiuso Rolo Bompack Azul - Rende 600PANOS;produtos-de-limpeza;produtos-de-limpeza;48;10;adicionar;
638;Pano Novo Microfibra 50X70 Azul;papeis-e-panos;papeis-e-panos;128;10;adicionar;
6602;Pano Novo Microfibra 50X70 Verde;papeis-e-panos;papeis-e-panos;12;10;adicionar;
640;Pano Novo Microfibra Azul Peq. 39X39CM;papeis-e-panos;papeis-e-panos;108;10;adicionar;
639;Pano Novo Microfibra Grande 39X59CM Azul;papeis-e-panos;papeis-e-panos;6;10;adicionar;
9888;Pano Novo Microfibra Verde Peq. 39X39CM;papeis-e-panos;papeis-e-panos;81;10;adicionar;
7835;Papel Aluminio Premium 45CM X 25 Bompack;papeis-e-panos;papeis-e-panos;5;10;adicionar;
7738;Papel Celofane Poliester 70CM X 50MT Bompack;papeis-e-panos;papeis-e-panos;2;10;adicionar;
3243;Papel HIG Fofinho Folha Simples 30MT PCT C4RL;papeis-e-panos;papeis-e-panos;510;10;adicionar;
42;Papel Hig. 30M F.dupla Fofinho PC C/04ROLOS;papeis-e-panos;papeis-e-panos;64;10;adicionar;
47;Papel Hig. 30M Fofinho F.dupla PC C/12 Rolos;papeis-e-panos;papeis-e-panos;580;10;adicionar;
53;Papel Hig. 60M F.simples Fofinho PC C/04 Rolos;papeis-e-panos;papeis-e-panos;100;10;adicionar;
56;Papel Hig. CAI CAI F.dupla Ipel C/8000FLS;papeis-e-panos;papeis-e-panos;74;10;adicionar;
4331;Papel Hig. Rolao Branco BV C/8;papeis-e-panos;papeis-e-panos;203;10;adicionar;
4292;Papel Hig. Rolao Extra Luxo BV FD C/ 8 Rolos 300MT;papeis-e-panos;papeis-e-panos;222;10;adicionar;
7736;Papel Hig. Rolao Folha Dupla Ipel 200MT 8 Rolos;papeis-e-panos;papeis-e-panos;116;10;adicionar;
4358;Papel Hig. Rolao Plus BV C/8;papeis-e-panos;papeis-e-panos;108;10;adicionar;
1951;Pasta Cristal Rosa 500 GR ( UFE );diversos;diversos;24;10;adicionar;
1952;Pasta Multiuso Sany Rosa 500G;produtos-de-limpeza;produtos-de-limpeza;19;10;ja_encontrado_ou_parecido;
9911;Pastilha Adesiva P/sanitário Citrus Zavask C/3UN;banheiro;banheiro;40;10;adicionar;
1804;Pastilha Adesiva P/sanitário Lavanda Sany C/3UN;banheiro;banheiro;132;10;adicionar;
9910;Pastilha Adesiva P/sanitário Lavanda Zavask C/3UN;banheiro;banheiro;31;10;adicionar;
8861;Pastilha Adesiva P/sanitário Marine Higie Plus C/3UN;banheiro;banheiro;1;10;adicionar;
1806;Pedra Sanitaria 25G;banheiro;banheiro;90;10;possivel_duplicado_nao_adicionar;parecido com Pedra Sanitária Sany 25g já cadastrada
8873;Percabonato de Sodio Tira Manchas e Branqueador 1 KG;diversos;diversos;137;10;adicionar;
613;Prato 21CM Branco PC/10 Dudigo;diversos;diversos;35;10;adicionar;
9915;Prato 21CM Branco PC/10 Gpack;diversos;diversos;105;11;adicionar;
3248;Propé Descart C/100 UN;diversos;diversos;5;11;adicionar;
615;Pulverizador Bompack 500ML;equipamentos;equipamentos;119;11;adicionar;
9922;Pulverizador Profissional 1L;equipamentos;equipamentos;6;11;adicionar;
9921;Pulverizador Profissional 500ML;equipamentos;equipamentos;48;11;adicionar;
7812;Pulverizador Transparente Bettanin 500ML;equipamentos;equipamentos;40;11;adicionar;
3231;Querosene 1L Zavaski;diversos;diversos;19;11;adicionar;
1954;Querosene Zavaski 500ML;diversos;diversos;6;11;adicionar;
6695;Refil Agua Perfumada VIA Aroma Lavanda Francesa 1L;aromatizadores;aromatizadores;4;11;ja_encontrado_ou_parecido;
6625;Refil Agua Perfumada VIA Aroma Lavanderia 1L;aromatizadores;aromatizadores;17;11;ja_encontrado_ou_parecido;
9927;Refil Agua Perfumada VIA Aroma Vanilla 1L;aromatizadores;aromatizadores;1;11;ja_encontrado_ou_parecido;
4429;Refil Alcool 70% Spray 400ML Trilha;produtos-de-limpeza;produtos-de-limpeza;28;11;adicionar;
4428;Refil Alcool 70% Spray 800ML Trilha;produtos-de-limpeza;produtos-de-limpeza;30;11;adicionar;
5491;Refil Difusor de Varetas 250ML Baby BRV;aromatizadores;aromatizadores;4;11;ja_encontrado_ou_parecido;
5492;Refil Difusor de Varetas 250ML Bamboo BRV;aromatizadores;aromatizadores;3;11;ja_encontrado_ou_parecido;
5493;Refil Difusor de Varetas 250ML Black Vanilla BRV;aromatizadores;aromatizadores;5;11;ja_encontrado_ou_parecido;
9905;Refil Difusor de Varetas 250ML Flor de Cerejeira BRV;aromatizadores;aromatizadores;3;11;ja_encontrado_ou_parecido;
5495;Refil Difusor de Varetas 250ML Lavanda Francesa;aromatizadores;aromatizadores;3;11;ja_encontrado_ou_parecido;
9906;Refil Difusor de Varetas 250ML Maca C/ Canela BRV;aromatizadores;aromatizadores;2;11;ja_encontrado_ou_parecido;
9892;Refil Glinter Magicmop;diversos;diversos;3;11;adicionar;
1846;Refil MOP 360°;equipamentos;equipamentos;11;11;ja_encontrado_ou_parecido;
1848;Refil MOP Dispenser Spray Bompack;equipamentos;equipamentos;5;11;adicionar;
5509;Refil MOP PÓ 60 Sanches;equipamentos;equipamentos;3;11;adicionar;
1850;Refil MOP PÓ 80 Sanches;equipamentos;equipamentos;1;11;adicionar;
5516;Refil MOP PÓ 40 Sanches;equipamentos;equipamentos;2;11;adicionar;
1857;Refil MOP Úmido CRU;equipamentos;equipamentos;1;11;adicionar;
1712;Refil P/ Rodo Super Absorvente Sekito P 26CM;equipamentos;equipamentos;2;11;adicionar;
9916;Refil P/ Rodo Super Absorvente Sekito P 26CM Brilhus;equipamentos;equipamentos;4;11;adicionar;
1714;Refil Rodo Aluminio Sanches 40CM - Sanches;equipamentos;equipamentos;1;11;adicionar;
1655;Refil SAB Líquido 800ML Premisse Cristal Ervas;diversos;diversos;7;11;adicionar;
4433;Refil Sabonete LIQ Proteinas do Leite Spray 400ML Trilha;banheiro;banheiro;47;11;adicionar;
4342;Refil Sabonete LIQ Proteinas do Leite Spray 800ML Trilha;banheiro;banheiro;133;11;adicionar;
6666;Repelente Aerosol Above 120G;diversos;diversos;9;11;adicionar;
1718;Rodo Aluminio Reforçado Sanches 40CM C/cabo Aluminio de 1,50 MT Rosca -;equipamentos;equipamentos;12;12;adicionar;
1719;Rodo Aluminio Reforçado Sanches 60CM C/cabo Aluminio 1,50 MT Rosca;equipamentos;equipamentos;4;12;adicionar;
1753;Rodo Esponja Limpa Azulejo Plastica;produtos-de-limpeza;produtos-de-limpeza;60;12;adicionar;
1731;Rodo Kombi Sanches Prof 25 CM;equipamentos;equipamentos;4;12;adicionar;
1732;Rodo Kombi Sanhes Prof Vice 35CM;equipamentos;equipamentos;1;12;adicionar;
1735;Rodo para PIA Sanches;equipamentos;equipamentos;6;12;adicionar;
1736;Rodo Passador de Cera C/espuma;produtos-de-limpeza;produtos-de-limpeza;5;12;adicionar;
1737;Rodo Plastico 40CM Sanches;equipamentos;equipamentos;112;12;adicionar;
1738;Rodo Plastico 60CM Sanches;equipamentos;equipamentos;6;12;adicionar;
1716;Rodo Sanches Alumínio 1MT Sanches;equipamentos;equipamentos;4;12;adicionar;
6633;Rodo Super Absorvente Sekito 26CM;equipamentos;equipamentos;1;12;adicionar;
1959;Sabão em Barra C/ 05UN 1KG YPE;produtos-de-limpeza;produtos-de-limpeza;29;12;adicionar;
4268;Sabão em Barra C/ 05UN Zavask Glicerinado;produtos-de-limpeza;produtos-de-limpeza;11;12;adicionar;
1658;Sabão em PÓ 1KG Flash / Ravena;produtos-de-limpeza;produtos-de-limpeza;70;12;adicionar;
3234;Sabao em PO Brilhante 800GR;produtos-de-limpeza;produtos-de-limpeza;84;12;adicionar;
5443;Sabonete LIQ 5L Premisse Erva Doce Soft ( Branco );banheiro;banheiro;7;12;adicionar;
4266;Sabonete LIQ Besser Dove 5L;banheiro;banheiro;248;12;adicionar;
6664;Sabonete LIQ Premisse Algas Marinhas 5L;banheiro;banheiro;3;12;adicionar;
7810;Sabonete LIQ Premisse Morango e Champagne 5L;banheiro;banheiro;2;12;adicionar;
7765;Sabonete LIQ Sebold CHA Branco 5L;banheiro;banheiro;25;12;adicionar;
7703;Sabonete LIQ Sebold Erva Doce 5L;banheiro;banheiro;14;12;adicionar;
6701;Sabonete LIQ Sebold Pessego 5L;banheiro;banheiro;96;12;adicionar;
9895;Sabonete Liquido Ameixa Dourada Coala 500ML Pump;banheiro;banheiro;1;12;adicionar;
1130;Sabonete Liquido Besser Erva Doce 5L;banheiro;banheiro;29;12;adicionar;
9886;Sabonete Liquido Flor de Figo Coala 500ML Pump;banheiro;banheiro;2;12;adicionar;
7838;Sabonete Liquido Orquidea Negra Coala 500ML Pump;banheiro;banheiro;2;12;adicionar;
7720;Saboneteira C/ Reservatorio Nobre Classic Branco;banheiro;banheiro;1;12;adicionar;
9893;Saboneteira de Mesa Pump 300ML Linha Ouro;banheiro;banheiro;1;12;adicionar;
4427;Saboneteira Trilha Crem C Reserv Branco;banheiro;banheiro;14;12;adicionar;
4318;Saboneteira Trilha Crem C Reserv Preto;banheiro;banheiro;12;12;adicionar;
91;Saco de Lixo 100L 0,20MC Preto PC C/50UN;diversos;diversos;70;12;adicionar;
92;Saco de Lixo 100L 0,5 MC Preto 75X90CM C/100;diversos;diversos;59;13;adicionar;
93;Saco de Lixo 100L Ref. 0,10 MC Preto C/100;diversos;diversos;114;13;adicionar;
94;Saco de Lixo 100L Ref. 0,12 MC Preto C/100;diversos;diversos;114;13;adicionar;
95;Saco de Lixo 100L Ref. 0,8 MC Preto C/100;diversos;diversos;109;13;adicionar;
96;Saco de Lixo 150L Ref. 0,12 MC Preto C/100;diversos;diversos;81;13;adicionar;
97;Saco de Lixo 150L REF.0,10MC - 90X105CM C/100;diversos;diversos;49;13;adicionar;
106;Saco de Lixo 200L 0,12 Preto C/100;diversos;diversos;59;13;adicionar;
107;Saco de Lixo 200L 0,20 C/50;diversos;diversos;24;13;adicionar;
109;Saco de Lixo 20L 0,04 MC Preto 40X50CM C/100;diversos;diversos;148;13;adicionar;
4407;Saco de Lixo 20L REF MC Preto 40X50CM C/100;diversos;diversos;110;13;adicionar;
112;Saco de Lixo 300L 0,12MC C/50;diversos;diversos;51;13;adicionar;
113;Saco de Lixo 300L 0,20 Preto C/50;diversos;diversos;7;13;adicionar;
7805;Saco de Lixo 300L 0,20MC C/50;diversos;diversos;1;13;adicionar;
121;Saco de Lixo 40L 0,04 MC Preto 55X60CM C/100;diversos;diversos;192;13;adicionar;
8874;Saco de Lixo 40L Reforçado Preto 55X60CM C/100;diversos;diversos;128;13;adicionar;
123;Saco de Lixo 60L 0,04 MC Preto 63X70CM C/100;diversos;diversos;138;13;adicionar;
126;Saco de Lixo 60L Ref. Preto 63X70CM;diversos;diversos;149;13;adicionar;
135;Saco de Lixo Azul 100L 0,05MC 75X90CM;diversos;diversos;2;13;adicionar;
137;Saco de Lixo Azul 100L 0,12;diversos;diversos;2;13;adicionar;
141;Saco de Lixo Azul 200L 0,10MC;diversos;diversos;1;13;adicionar;
142;Saco de Lixo Azul 200L 0,12 C/100;diversos;diversos;2;13;adicionar;
6612;Saco de Lixo Azul 20L C/100;diversos;diversos;5;13;adicionar;
146;Saco de Lixo Azul 40L BRV;diversos;diversos;3;13;adicionar;
148;Saco de Lixo Azul 60L;diversos;diversos;2;13;adicionar;
5565;Saco de Lixo Branco 100L REF 0,08 C/100;diversos;diversos;6;13;adicionar;
150;Saco de Lixo Branco 20L 40X50CM C/100;diversos;diversos;26;13;adicionar;
152;Saco de Lixo Branco 40 L;diversos;diversos;7;13;adicionar;
153;Saco de Lixo Branco 60L C/100;diversos;diversos;2;14;adicionar;
163;Saco de Lixo Hospitalar 30L;diversos;diversos;10;14;adicionar;
5514;Saco de Lixo Hospitalar 100L BRV Reforçado MC 0,6;diversos;diversos;4;14;adicionar;
5512;Saco de Lixo Hospitalar BRV 30L;diversos;diversos;2;14;adicionar;
5513;Saco de Lixo Hospitalar BRV 50L;diversos;diversos;3;14;adicionar;
5564;Saco de Lixo Laranja 100L 0,10 C/100;diversos;diversos;6;14;adicionar;
4377;Saco de Lixo Transparente 100L 05MC;diversos;diversos;5;14;adicionar;
184;Saco de Lixo Transparente 40L;diversos;diversos;20;14;adicionar;
3235;Saco de Lixo Transparente 60L C/100UN;diversos;diversos;5;14;adicionar;
192;Saco de Lixo Verde 60L C/100;diversos;diversos;4;14;adicionar;
1968;Saponaceo Cremoso CIF Otiginal 250ML;produtos-de-limpeza;produtos-de-limpeza, cozinha;54;14;adicionar;
9907;Saponaceo Cremoso CIF Otiginal 450ML;produtos-de-limpeza;produtos-de-limpeza, cozinha;39;14;adicionar;
1967;Saponaceo Cremoso Sany Floral 300ML;produtos-de-limpeza;produtos-de-limpeza, cozinha;43;14;adicionar;
7848;Saponaceo Cremoso Sanybril Cloro 300ML;produtos-de-limpeza;produtos-de-limpeza, cozinha;57;14;adicionar;
1969;Saponaceo Cremoso Sanybril Lavanda 300ML;produtos-de-limpeza;produtos-de-limpeza, cozinha;83;14;adicionar;
6679;Saponaceo Cremoso Sanybril Limao 300ML;produtos-de-limpeza;produtos-de-limpeza, cozinha;9;14;adicionar;
1971;Saponaceo PO Sanybril Cloro 300G;produtos-de-limpeza;produtos-de-limpeza, cozinha;1;14;adicionar;
1972;Saponaceo PO Sanybril Lavanda 300G;produtos-de-limpeza;produtos-de-limpeza, cozinha;4;14;adicionar;
3232;Shampoo Automotivo 5L LPL;produtos-de-limpeza;produtos-de-limpeza;6;14;adicionar;
5502;Silicone GEL LPL 3,6 KG;diversos;diversos;1;14;adicionar;
7790;Silicone Liquido LPL 1L;diversos;diversos;18;14;adicionar;
6696;Soda Caustica 1K CNV;diversos;diversos;6;14;adicionar;
7827;Solupan Quimagrax 1/20 50L Desengraxante Concentrado;diversos;diversos;1;14;adicionar;
1459;Solupan Quimagrax 1/20 5L Desengraxante Concentrado;diversos;diversos;10;14;adicionar;
1619;Super Cloro 5L Quimak;produtos-de-limpeza;produtos-de-limpeza;429;14;adicionar;
4426;Suporte CAI CAI Crem Trilha Preto;equipamentos;equipamentos;6;14;adicionar;
6599;Suporte P/fibra 10CM Manual;equipamentos;equipamentos;1;14;ja_encontrado_ou_parecido;
703;Suporte P/fibra 26CM com Rosca/velcro Sanches;equipamentos;equipamentos;12;14;adicionar;
9930;Suporte P/fibra 60CM Manual;equipamentos;equipamentos;1;14;ja_encontrado_ou_parecido;
4425;Suporte Rolao Crem 600M Trilha Branco;equipamentos;equipamentos;11;14;adicionar;
4344;Suporte Rolao Crem 600M Trilha Preto;equipamentos;equipamentos;5;14;adicionar;
8864;Tela Mictorio Cereja;banheiro;banheiro;37;14;adicionar;
6662;Toalha Magica / Inteligente Bompack 63CM X 43CM;papeis-e-panos;papeis-e-panos;1;15;adicionar;
4343;Toalheiro Acril.crem Trilha Branco;diversos;diversos;13;15;adicionar;
4424;Toalheiro Acril.crem Trilha Preto;diversos;diversos;11;15;adicionar;
4316;Toalheiro Trilha Semi Autom. Branco Mini;diversos;diversos;3;15;adicionar;
583;Toalheiro Trilha Semi Autom. Preto Mini;diversos;diversos;3;15;adicionar;
620;Touca Nobre TNT Clipada PC C/100UN;descartaveis;descartaveis;3;15;adicionar;
5478;Touca TNT Bompack Clipada PC C/100UN;descartaveis;descartaveis;54;15;adicionar;
9920;Vassoura Classica Sanches;equipamentos;equipamentos;85;15;ja_encontrado_ou_parecido;
4350;Vassoura Classica Sanches Cabo de Madeira;equipamentos;equipamentos;198;15;adicionar;
4352;Vassoura Color Mais Sanches Cabo de Madeira;equipamentos;equipamentos;14;15;adicionar;
1765;Vassoura de Milho 4FIOS Bruxinha;equipamentos;equipamentos;1;15;adicionar;
1774;Vassoura de Pelo Sint 40CM Base Plastica Sanches;equipamentos;equipamentos;4;15;adicionar;
7776;Vassoura Multiuso Azul Cabo Chapa Azul Bettannin;produtos-de-limpeza;produtos-de-limpeza;40;15;adicionar;
7813;Vassoura Multiuso Azul SEM Cabo Bettannin;produtos-de-limpeza;produtos-de-limpeza;8;15;adicionar;
7815;Vassoura Novica Original com Cabo;equipamentos;equipamentos;24;15;adicionar;
9936;Vassoura Novica Original SEM Cabo;equipamentos;equipamentos;4;15;adicionar;
7708;Vassourão Gari 40CM Nylon Base Plast Cabo Grosso;equipamentos;equipamentos;3;15;adicionar;
1976;Veja 500 ML Multiuso Azul;produtos-de-limpeza;produtos-de-limpeza;137;15;adicionar;
7833;Veja 500 ML Multiuso Lavanda e Alcool;produtos-de-limpeza;produtos-de-limpeza;37;15;adicionar;
5531;Veja 500 ML X14;diversos;diversos;32;15;adicionar;
1449;Vinagre 750ML;diversos;diversos;179;15;adicionar;
1185;Wave Porcelanato 1L;diversos;diversos;2;15;adicionar;
1186;Wave Porcelanato 5L (1:50);diversos;diversos;22;15;adicionar;
